,tweet_id,retweet_count,favourite_count
0,892420643555336193,7715,36239
0,892177421306343426,5701,31259
0,891815181378084864,3780,23535
0,891689557279858688,7877,39540
0,891327558926688256,8486,37758
0,891087950875897856,2844,19013
0,890971913173991426,1851,11074
0,890729181411237888,17212,61067
0,890609185150312448,3917,26177
0,890240255349198849,6702,29899
0,890006608113172480,6684,28792
0,889880896479866881,4554,26196
0,889665388333682689,9133,45109
0,889638837579907072,4096,25386
0,889531135344209921,2059,14201
0,889278841981685760,4863,23646
0,888917238123831296,4108,27328
0,888804989199671297,3875,24012
0,888554962724278272,3180,18547
0,888078434458587136,3162,20447
0,887705289381826560,4914,28391
0,887517139158093824,10747,43553
0,887473957103951883,16431,64549
0,887343217045368832,9558,31607
0,887101392804085760,5444,28749
0,886983233522544640,7004,32793
0,886736880519319552,2934,11255
0,886680336477933568,4082,21096
0,886366144734445568,2893,19851
0,886267009285017600,4,111
0,886258384151887873,5767,26283
0,886054160059072513,100,0
0,885984800019947520,6130,30581
0,885528943205470208,5833,33748
0,885518971528720385,3406,19239
0,885311592912609280,16910,0
0,885167619883638784,3994,20559
0,884925521741709313,16521,72412
0,884876753390489601,5099,26150
0,884562892145688576,4294,22813
0,884441805382717440,5200,25433
0,884247878851493888,18549,68170
0,884162670584377345,2735,19158
0,883838122936631299,3139,20530
0,883482846933004288,9021,43036
0,883360690899218434,3381,21295
0,883117836046086144,6062,34831
0,882992080364220416,3557,22425
0,882762694511734784,4471,26552
0,882627270321602560,5552,26290
0,882268110199369728,10570,42096
0,882045870035918850,4466,27523
0,881906580714921986,3105,22844
0,881666595344535552,9753,47574
0,881633300179243008,7,118
0,881536004380872706,14587,46446
0,881268444196462592,4816,21821
0,880935762899988482,2549,16039
0,880872448815771648,3500,19996
0,880465832366813184,5684,26760
0,880221127280381952,3806,25333
0,880095782870896641,3969,25943
0,879862464715927552,3202,21025
0,879674319642796034,10,297
0,879492040517615616,2912,22063
0,879415818425184262,40642,99370
0,879376492567855104,2861,15790
0,879130579576475649,6226,0
0,879050749262655488,4295,21174
0,879008229531029506,2457,17859
0,878776093423087618,3742,18196
0,878604707211726852,6504,28333
0,878404777348136964,1179,0
0,878316110768087041,6100,0
0,878281511006478336,1179,7274
0,878057613040115712,6226,39587
0,877736472329191424,17356,74609
0,877611172832227328,73,0
0,877556246731214848,3493,21352
0,877316821321428993,4770,25769
0,877201837425926144,5120,25490
0,876838120628539392,3056,19478
0,876537666061221889,4302,22251
0,876484053909872640,2175,17662
0,876120275196170240,4287,26336
0,875747767867523072,3915,23690
0,875144289856114688,4511,20632
0,875097192612077568,5580,25856
0,875021211251597312,4338,24014
0,874680097055178752,4253,26198
0,874434818259525634,13358,0
0,874296783580663808,3775,24557
0,874057562936811520,3660,21415
0,874012996292530176,9430,32335
0,873580283840344065,3622,22848
0,873337748698140672,1472,0
0,873213775632977920,1472,6761
0,872967104147763200,4993,25745
0,872820683541237760,3431,13926
0,872620804844003328,3364,19573
0,872486979161796608,8343,38519
0,872122724285648897,7473,32441
0,871879754684805121,10153,35541
0,871762521631449091,3229,19133
0,871515927908634625,3217,19103
0,871166179821445120,5289,0
0,871102520638267392,5108,19816
0,871032628920680449,3545,21531
0,870804317367881728,5733,31853
0,870726314365509632,3,115
0,870656317836468226,2453,11713
0,870374049280663552,24568,78661
0,870308999962521604,3855,20779
0,870063196459192321,7717,34649
0,869772420881756160,9399,40366
0,869702957897576449,5863,26818
0,869596645499047938,2906,15155
0,869227993411051520,3518,19404
0,868880397819494401,13440,62166
0,868639477480148993,1939,0
0,868622495443632128,4940,25382
0,868552278524837888,1939,9591
0,867900495410671616,3903,23034
0,867774946302451713,6868,32349
0,867421006826221569,2327,15321
0,867072653475098625,112,0
0,867051520902168576,7370,30702
0,866720684873056260,4487,19101
0,866686824827068416,3272,18393
0,866450705531457537,32991,116541
0,866334964761202691,13358,50001
0,866094527597207552,7854,0
0,865718153858494464,5272,24491
0,865359393868664832,4700,25284
0,865006731092295680,7226,26757
0,864873206498414592,8161,30856
0,864279568663928832,2841,13935
0,864197398364647424,8332,28683
0,863907417377173506,3897,19707
0,863553081350529029,3939,14607
0,863471782782697472,2288,0
0,863432100342583297,4947,22772
0,863427515083354112,90,2111
0,863079547188785154,1047,8416
0,863062471531167744,2288,8108
0,862831371563274240,4859,18401
0,862722525377298433,3340,16389
0,862457590147678208,4657,19610
0,862096992088072192,21868,71215
0,861383897657036800,10127,34621
0,861288531465048066,3914,16490
0,861005113778896900,3611,16039
0,860981674716409858,2034,0
0,860924035999428608,760,0
0,860563773140209665,2034,7199
0,860524505164394496,5041,22717
0,860276583193509888,3325,17671
0,860184849394610176,5550,16058
0,860177593139703809,29360,0
0,859924526012018688,3902,18851
0,859851578198683649,3335,14849
0,859607811541651456,1487,17941
0,859196978902773760,28668,86610
0,859074603037188101,12972,32603
0,858860390427611136,7726,0
0,858843525470990336,3321,15034
0,858471635011153920,4633,20764
0,858107933456039936,2772,15214
0,857989990357356544,2480,15554
0,857746408056729600,10157,33126
0,857393404942143489,1572,5696
0,857263160327368704,4323,19409
0,857214891891077121,17,218
0,857062103051644929,163,0
0,857029823797047296,3817,18264
0,856543823941562368,2771,15830
0,856526610513747968,1801,11515
0,856330835276025856,646,0
0,856288084350160898,15,500
0,856282028240666624,6042,26932
0,855862651834028034,25,328
0,855860136149123072,940,4785
0,855857698524602368,2033,11534
0,855851453814013952,17366,44466
0,855818117272018944,5228,25924
0,855459453768019968,7927,29039
0,855245323840757760,5755,0
0,855138241867124737,43,0
0,854732716440526848,5861,22185
0,854482394044301312,6651,28600
0,854365224396361728,4540,18435
0,854120357044912130,7235,31249
0,854010172552949760,3055,15859
0,853760880890318849,5573,27938
0,853639147608842240,9753,33924
0,853299958564483072,3458,15159
0,852936405516943360,1940,0
0,852912242202992640,1765,8854
0,852672615818899456,2102,14609
0,852553447878664193,3383,15989
0,852311364735569921,9695,32538
0,852226086759018497,6682,19629
0,852189679701164033,1553,11257
0,851861385021730816,19,0
0,851591660324737024,3400,15998
0,851464819735769094,6901,23855
0,851224888060895234,5609,20347
0,850753642995093505,8941,30335
0,850380195714523136,2555,12904
0,850333567704068097,322,3406
0,850145622816686080,3716,16088
0,850019790995546112,4780,20125
0,849776966551130114,7448,30024
0,849668094696017920,4865,0
0,849412302885593088,3102,15660
0,849336543269576704,1867,11276
0,849051919805034497,8336,41815
0,848690551926992896,4246,24896
0,848324959059550208,4545,24425
0,848213670039564288,720,8084
0,848212111729840128,2993,16139
0,847978865427394560,3210,0
0,847971574464610304,425,0
0,847962785489326080,5002,23258
0,847842811428974592,1314,5385
0,847617282490613760,409,6920
0,847606175596138505,3380,18572
0,847251039262605312,4258,20300
0,847157206088847362,5765,19701
0,847116187444137987,3137,21271
0,846874817362120707,3882,19923
0,846514051647705089,11415,44261
0,846505985330044928,3033,13989
0,846153765933735936,8933,31369
0,846139713627017216,9894,30792
0,846042936437604353,2834,15862
0,845812042753855489,8604,29014
0,845677943972139009,4741,25017
0,845397057150107648,1786,7588
0,845306882940190720,5336,23182
0,845098359547420673,7573,0
0,844979544864018432,2530,13555
0,844973813909606400,3157,14991
0,844580511645339650,3099,16379
0,844223788422217728,2179,13574
0,843981021012017153,2920,15107
0,843856843873095681,4580,21358
0,843604394117681152,2724,16801
0,843235543001513987,5982,21421
0,842846295480000512,3614,15233
0,842765311967449089,1271,6707
0,842535590457499648,3481,18045
0,842163532590374912,5755,24365
0,842115215311396866,3014,13940
0,841833993020538882,14993,0
0,841680585030541313,7770,25658
0,841439858740625411,3670,12630
0,841320156043304961,5480,19764
0,841314665196081154,4627,15810
0,841077006473256960,5289,22832
0,840761248237133825,1762,0
0,840728873075638272,16073,0
0,840698636975636481,2,174
0,840696689258311684,969,12276
0,840632337062862849,1762,8998
0,840370681858686976,4525,16441
0,840268004936019968,5708,19240
0,839990271299457024,2271,13407
0,839549326359670784,7726,27466
0,839290600511926273,143,0
0,839239871831150596,6522,27108
0,838952994649550848,3991,19654
0,838921590096166913,2060,11161
0,838916489579200512,35,0
0,838831947270979586,10986,0
0,838561493054533637,1336,10952
0,838476387338051585,4769,22525
0,838201503651401729,10055,0
0,838150277551247360,332,1678
0,838085839343206401,1,140
0,838083903487373313,3137,17651
0,837820167694528512,7854,34185
0,837482249356513284,443,3853
0,837471256429613056,2276,12835
0,837110210464448512,2367,16106
0,836989968035819520,2294,12797
0,836753516572119041,4649,19368
0,836677758902222849,2229,12645
0,836648853927522308,555,0
0,836397794269200385,27537,0
0,836380477523124226,2995,14803
0,836260088725786625,4312,21371
0,836001077879255040,4271,19143
0,835685285446955009,8147,0
0,835574547218894849,3630,17850
0,835536468978302976,1704,0
0,835309094223372289,20996,0
0,835297930240217089,3024,16531
0,835264098648616962,1704,7770
0,835246439529840640,73,2110
0,835172783151792128,5784,26270
0,835152434251116546,3028,22505
0,834931633769889797,1650,10849
0,834786237630337024,5516,21431
0,834574053763584002,2548,13723
0,834477809192075265,10690,0
0,834458053273591808,1691,9664
0,834209720923721728,4772,20689
0,834167344700198914,3675,15896
0,834089966724603904,2147,10105
0,834086379323871233,2219,13138
0,833863086058651648,2419,13490
0,833826103416520705,3791,18137
0,833732339549220864,222,0
0,833722901757046785,3239,20903
0,833479644947025920,2062,14920
0,833124694597443584,4865,20314
0,832998151111966721,2215,13336
0,832769181346996225,39,0
0,832757312314028032,3648,16956
0,832682457690300417,2936,11943
0,832645525019123713,534,2950
0,832636094638288896,2804,15941
0,832397543355072512,2232,12027
0,832369877331693569,3210,17274
0,832273440279240704,2352,11417
0,832215909146226688,6240,0
0,832215726631055365,9396,0
0,832088576586297345,2,62
0,832040443403784192,9689,0
0,832032802820481025,4685,17988
0,831939777352105988,6177,24159
0,831926988323639298,34,338
0,831911600680497154,6553,27802
0,831670449226514432,1836,10513
0,831650051525054464,1940,7195
0,831552930092285952,2328,9043
0,831322785565769729,1564,9333
0,831315979191906304,1135,6590
0,831309418084069378,2482,11837
0,831262627380748289,2065,11997
0,830956169170665475,1510,8036
0,830583320585068544,16910,67362
0,830173239259324417,5726,0
0,830097400375152640,2973,9882
0,829878982036299777,5060,0
0,829861396166877184,1966,12329
0,829501995190984704,10690,32011
0,829449946868879360,2042,10546
0,829141528400556032,7415,24599
0,829011960981237760,16437,53532
0,828801551087042563,3445,0
0,828770345708580865,5924,25796
0,828708714936930305,11281,36811
0,828650029636317184,1363,9596
0,828409743546925057,1174,6406
0,828408677031882754,1304,7740
0,828381636999917570,2232,12699
0,828376505180889089,1082,7449
0,828372645993398273,2971,12663
0,828361771580813312,173,2216
0,828046555563323392,2899,11858
0,828011680017821696,2168,10443
0,827933404142436356,5301,20297
0,827653905312006145,3044,15626
0,827600520311402496,953,7511
0,827324948884643840,3084,16007
0,827199976799354881,2244,10682
0,826958653328592898,5060,21794
0,826848821049180160,10285,36721
0,826615380357632002,4031,0
0,826598799820865537,256,5167
0,826598365270007810,2368,10146
0,826476773533745153,4238,18604
0,826240494070030336,2638,13436
0,826204788643753985,936,4932
0,826115272272650244,3172,15821
0,825876512159186944,1898,10589
0,825829644528148480,2519,12869
0,825535076884762624,17730,57412
0,825147591692263424,4600,18518
0,825120256414846976,1277,0
0,825026590719483904,1277,6379
0,824796380199809024,5560,0
0,824775126675836928,3565,15104
0,824663926340194305,1792,10640
0,824325613288833024,10644,11963
0,824297048279236611,3919,15238
0,824025158776213504,605,4881
0,823939628516474880,2744,10753
0,823719002937630720,11352,0
0,823699002998870016,2552,14162
0,823581115634085888,2661,13189
0,823333489516937216,25,707
0,823322678127919110,4087,15922
0,823269594223824897,10032,0
0,822975315408461824,3499,17513
0,822872901745569793,43866,133190
0,822859134160621569,2316,13450
0,822647212903690241,6502,0
0,822610361945911296,3000,15013
0,822489057087389700,6502,18388
0,822462944365645825,14532,28407
0,822244816520155136,10032,35412
0,822163064745328640,4848,0
0,821886076407029760,2351,11473
0,821813639212650496,3403,0
0,821765923262631936,1679,8530
0,821522889702862852,1796,8142
0,821421320206483457,5683,0
0,821407182352777218,4413,11942
0,821153421864615936,10,259
0,821149554670182400,2023,8766
0,821107785811234820,2166,9734
0,821044531881721856,2317,12832
0,820837357901512704,6841,0
0,820749716845686786,10055,32012
0,820690176645140481,3283,12383
0,820494788566847489,572,0
0,820446719150292993,2608,0
0,820314633777061888,572,3393
0,820078625395449857,6400,20106
0,820013781606658049,1195,0
0,819952236453363712,1195,5412
0,819924195358416896,4946,13081
0,819711362133872643,3169,13597
0,819588359383371776,2020,9779
0,819347104292290561,1227,7325
0,819238181065359361,413,2302
0,819227688460238848,6841,23429
0,819015337530290176,37441,0
0,819015331746349057,19262,0
0,819006400881917954,19262,45948
0,819004803107983360,37441,88174
0,818646164899774465,21369,0
0,818627210458333184,7666,22754
0,818614493328580609,2610,9995
0,818588835076603904,6261,0
0,818536468981415936,2505,11070
0,818307523543449600,8241,0
0,818259473185828864,2312,11198
0,818145370475810820,2617,12491
0,817908911860748288,818,4939
0,817827839487737858,27537,52502
0,817777686764523521,2740,10914
0,817536400337801217,3020,11963
0,817502432452313088,3454,0
0,817423860136083457,14993,34407
0,817415592588222464,970,5695
0,817181837579653120,8618,0
0,817171292965273600,2061,8922
0,817120970343411712,2649,12403
0,817056546584727552,1675,8735
0,816829038950027264,4796,0
0,816816676327063552,2077,10193
0,816697700272001025,2235,9967
0,816450570814898180,8241,30990
0,816336735214911488,1980,8745
0,816091915477250048,2184,9085
0,816062466425819140,1042,0
0,816014286006976512,5381,0
0,815990720817401858,1042,5038
0,815966073409433600,8618,22794
0,815745968457060357,4217,0
0,815736392542261248,2313,10022
0,815639385530101762,1681,8366
0,815390420867969024,3879,10549
0,814986499976527872,1300,7784
0,814638523311648768,2753,11470
0,814578408554463233,5953,0
0,814530161257443328,1905,8811
0,814153002265309185,8860,29296
0,813944609378369540,3245,0
0,813910438903693312,1905,9468
0,813812741911748608,14262,37080
0,813800681631023104,1801,8475
0,813217897535406080,7443,18995
0,813202720496779264,1843,9411
0,813187593374461952,4459,20257
0,813172488309972993,1967,9447
0,813157409116065792,2261,7918
0,813142292504645637,2434,8635
0,813130366689148928,457,4563
0,813127251579564032,3195,12077
0,813112105746448384,2801,10509
0,813096984823349248,3693,10764
0,813081950185472002,2834,10073
0,813066809284972545,1996,8108
0,813051746834595840,7519,21385
0,812781120811126785,1948,7723
0,812709060537683968,1464,6750
0,812503143955202048,1246,6195
0,812466873996607488,1979,8122
0,812372279581671427,3739,13923
0,811985624773361665,1432,7400
0,811744202451197953,1636,7690
0,811647686436880384,760,5721
0,811627233043480576,3151,13022
0,811386762094317568,6516,21344
0,810984652412424192,1468,5449
0,810896069567610880,1809,9202
0,810657578271330305,2709,11199
0,810284430598270976,11552,36000
0,810254108431155201,3445,15008
0,809920764300447744,4031,15836
0,809808892968534016,5012,0
0,809448704142938112,1499,7078
0,809220051211603969,5726,20335
0,809084759137812480,3608,13517
0,808838249661788160,3114,10321
0,808733504066486276,2217,8067
0,808501579447930884,2669,11526
0,808344865868283904,21369,43468
0,808134635716833280,6071,0
0,808106460588765185,2254,8969
0,808001312164028416,3614,12787
0,807621403335917568,3713,14880
0,807106840509214720,56769,120788
0,807059379405148160,7518,0
0,807010152071229440,3951,13340
0,806629075125202948,35503,76323
0,806620845233815552,5665,0
0,806576416489959424,1991,4996
0,806542213899489280,2410,10441
0,806242860592926720,11912,0
0,806219024703037440,1219,6570
0,805958939288408065,5495,0
0,805932879469572096,1963,8450
0,805826884734976000,1874,6707
0,805823200554876929,8226,0
0,805520635690676224,1698,5870
0,805487436403003392,2577,8974
0,805207613751304193,1756,7991
0,804738756058218496,3909,13983
0,804475857670639616,2065,6269
0,804413760345620481,3308,0
0,804026241225523202,16553,45459
0,803773340896923648,2811,10276
0,803692223237865472,7604,0
0,803638050916102144,4233,11178
0,803380650405482500,1908,7939
0,803321560782307329,5452,0
0,803276597545603072,2515,10241
0,802952499103731712,2060,9207
0,802624713319034886,2983,0
0,802600418706604034,1506,7258
0,802572683846291456,2572,9117
0,802323869084381190,5978,16568
0,802265048156610565,1412,6916
0,802239329049477120,2687,9269
0,802185808107208704,279,0
0,801958328846974976,1752,7911
0,801854953262350336,243,1816
0,801538201127157760,2117,8394
0,801285448605831168,845,6193
0,801167903437357056,6071,25010
0,801127390143516673,4044,0
0,801115127852503040,2154,8245
0,800859414831898624,98,697
0,800855607700029440,1648,0
0,800751577355128832,2866,10776
0,800513324630806528,3061,13413
0,800459316964663297,2224,9703
0,800443802682937345,4424,0
0,800388270626521089,2876,11391
0,800188575492947969,4037,0
0,800141422401830912,2608,15613
0,800018252395122689,13492,28975
0,799774291445383169,4808,0
0,799757965289017345,2219,8572
0,799422933579902976,1972,8221
0,799308762079035393,5607,0
0,799297110730567681,2831,10100
0,799063482566066176,2520,8233
0,798933969379225600,4579,13376
0,798925684722855936,1477,7650
0,798705661114773508,6804,0
0,798701998996647937,7980,0
0,798697898615730177,6659,0
0,798694562394996736,5082,0
0,798686750113755136,2389,0
0,798682547630837760,4832,0
0,798673117451325440,5678,0
0,798665375516884993,4009,0
0,798644042770751489,1897,0
0,798628517273620480,2022,0
0,798585098161549313,5859,0
0,798576900688019456,5992,0
0,798340744599797760,3429,0
0,798209839306514432,2621,10646
0,797971864723324932,3182,11865
0,797545162159308800,4990,14861
0,797236660651966464,6751,20369
0,797165961484890113,26,228
0,796904159865868288,9142,0
0,796865951799083009,1960,7850
0,796759840936919040,3120,12095
0,796563435802726400,7446,0
0,796484825502875648,1805,7737
0,796387464403357696,4251,11238
0,796177847564038144,14633,0
0,796149749086875649,14633,32954
0,796125600683540480,1855,5070
0,796116448414461957,2475,9308
0,796080075804475393,2370,8644
0,796031486298386433,3801,11045
0,795464331001561088,24239,50734
0,795400264262053889,2949,10285
0,795076730285391872,5560,16551
0,794983741416415232,3459,0
0,794926597468000259,2365,10476
0,794355576146903043,10557,0
0,794332329137291264,2741,9788
0,794205286408003585,3397,9419
0,793962221541933056,5012,17198
0,793845145112371200,1915,9428
0,793614319594401792,3214,0
0,793601777308463104,1668,8156
0,793500921481273345,2433,10907
0,793286476301799424,9396,25146
0,793271401113350145,2453,8884
0,793256262322548741,8549,20395
0,793241302385262592,3377,10750
0,793226087023144960,2940,10050
0,793210959003287553,2868,9120
0,793195938047070209,5768,15624
0,793180763617361921,2049,7091
0,793165685325201412,2853,9625
0,793150605191548928,1743,6320
0,793135492858580992,2555,6572
0,793120401413079041,4015,12948
0,792913359805018113,4075,14646
0,792883833364439040,4370,11550
0,792773781206999040,1717,7513
0,792394556390137856,4398,13745
0,792050063153438720,1848,7306
0,791821351946420224,21599,0
0,791784077045166082,9822,0
0,791780927877898241,3909,0
0,791774931465953280,22743,46100
0,791672322847637504,3214,12002
0,791406955684368384,4217,13416
0,791312159183634433,2596,8968
0,791026214425268224,4199,0
0,790987426131050500,2182,10039
0,790946055508652032,4796,16999
0,790723298204217344,2365,0
0,790698755171364864,1972,8398
0,790581949425475584,7333,21085
0,790337589677002753,1924,7997
0,790277117346975746,3245,12819
0,790227638568808452,3656,0
0,789986466051088384,2365,9450
0,789960241177853952,4213,0
0,789903600034189313,4224,10564
0,789628658055020548,1813,7652
0,789599242079838210,1972,6900
0,789530877013393408,3459,11978
0,789314372632018944,2349,8829
0,789280767834746880,5061,0
0,789268448748703744,2665,9292
0,789137962068021249,2865,9912
0,788908386943430656,12755,27990
0,788765914992902144,10557,27911
0,788552643979468800,7350,0
0,788412144018661376,5392,15860
0,788178268662984705,2143,7369
0,788150585577050112,1315,6244
0,788070120937619456,3503,0
0,788039637453406209,1351,6249
0,787810552592695296,3118,8805
0,787717603741622272,2847,10461
0,787397959788929025,2904,11094
0,787322443945877504,1780,7938
0,787111942498508800,6891,0
0,786963064373534720,8147,27150
0,786729988674449408,2470,0
0,786709082849828864,6240,18618
0,786664955043049472,2612,10811
0,786595970293370880,3180,9615
0,786363235746385920,3587,11099
0,786286427768250368,2909,8125
0,786233965241827333,4848,15566
0,786051337297522688,159,1451
0,786036967502913536,7172,0
0,785927819176054784,3250,11612
0,785872687017132033,1859,6821
0,785639753186217984,2281,7984
0,785533386513321988,2037,9283
0,785515384317313025,1285,6226
0,785264754247995392,1676,7403
0,785170936622350336,4935,12273
0,784826020293709826,3308,10305
0,784517518371221505,2590,9144
0,784431430411685888,1295,5800
0,784183165795655680,8226,20468
0,784057939640352768,11352,30323
0,783839966405230592,10986,30576
0,783821107061198850,2010,7490
0,783695101801398276,3280,10661
0,783466772167098368,2290,8611
0,783391753726550016,5595,17182
0,783347506784731136,5659,0
0,783334639985389568,11912,29676
0,783085703974514689,2243,8298
0,782969140009107456,7518,24545
0,782747134529531904,1438,7612
0,782722598790725632,5495,17592
0,782598640137187329,1911,7936
0,782305867769217024,5683,16943
0,782021823840026624,6329,0
0,781955203444699136,3440,11315
0,781661882474196992,2776,10607
0,781655249211752448,1147,4062
0,781524693396357120,5665,21089
0,781308096455073793,2593,7263
0,781251288990355457,2117,8567
0,781163403222056960,2786,9969
0,780931614150983680,7446,22005
0,780858289093574656,2046,7307
0,780800785462489090,1326,5579
0,780601303617732608,3403,12312
0,780543529827336192,1770,6405
0,780496263422808064,3766,0
0,780476555013349377,115,0
0,780459368902959104,1096,5377
0,780192070812196864,2285,8846
0,780092040432480260,2336,0
0,780074436359819264,5058,12388
0,779834332596887552,7172,19210
0,779377524342161408,3164,8942
0,779124354206535695,18632,0
0,779056095788752897,4602,15008
0,778990705243029504,7334,20291
0,778774459159379968,10067,0
0,778764940568104960,366,881
0,778748913645780993,1337,6993
0,778650543019483137,1528,5860
0,778624900596654080,1025,4711
0,778408200802557953,4405,13823
0,778396591732486144,12448,0
0,778383385161035776,1120,5929
0,778286810187399168,3356,10539
0,778039087836069888,2687,8632
0,778027034220126208,1641,6650
0,777953400541634568,3582,0
0,777885040357281792,1651,6447
0,777684233540206592,2983,11407
0,777641927919427584,4299,0
0,777621514455814149,2538,8884
0,777189768882946048,4369,14481
0,776819012571455488,13906,0
0,776813020089548800,1231,4942
0,776477788987613185,2827,8951
0,776249906839351296,9279,0
0,776218204058357768,16107,30345
0,776201521193218049,2548,9757
0,776113305656188928,4424,11937
0,776088319444877312,153,1863
0,775898661951791106,16785,0
0,775842724423557120,2694,11881
0,775733305207554048,4044,14052
0,775729183532220416,4661,13164
0,775364825476165632,3016,7500
0,775350846108426240,3960,10311
0,775085132600442880,4808,15775
0,774757898236878852,1813,8719
0,774639387460112384,1755,6826
0,774314403806253056,5607,22063
0,773985732834758656,3929,10873
0,773922284943896577,1770,6480
0,773704687002451968,1649,6690
0,773670353721753600,1330,5417
0,773547596996571136,6261,22411
0,773336787167145985,5157,0
0,773308824254029826,7573,23614
0,773247561583001600,3288,9579
0,773191612633579521,4202,10111
0,772877495989305348,3936,8676
0,772826264096874500,2381,8165
0,772615324260794368,3427,0
0,772581559778025472,1718,6579
0,772193107915964416,1410,6116
0,772152991789019136,1147,3844
0,772117678702071809,750,3819
0,772114945936949249,473,2752
0,772102971039580160,951,4050
0,771908950375665664,1931,6663
0,771770456517009408,3429,12153
0,771500966810099713,2642,8354
0,771380798096281600,5157,10610
0,771171053431250945,7572,0
0,771136648247640064,2970,9260
0,771102124360998913,1458,6312
0,771014301343748096,1678,6966
0,770787852854652928,1216,4985
0,770772759874076672,1430,5239
0,770655142660169732,1788,7420
0,770414278348247044,2126,6389
0,770293558247038976,1501,6312
0,770093767776997377,3097,0
0,770069151037685760,2324,7679
0,769940425801170949,9689,31720
0,769695466921623552,1696,6477
0,769335591808995329,7820,0
0,769212283578875904,1745,5457
0,768970937022709760,6592,14522
0,768909767477751808,2710,0
0,768855141948723200,900,4244
0,768609597686943744,1218,4169
0,768596291618299904,1294,5086
0,768554158521745409,5903,0
0,768473857036525572,3476,13763
0,768193404517830656,3582,10976
0,767884188863397888,1398,4791
0,767754930266464257,5452,16171
0,767500508068192258,2368,7575
0,767191397493538821,3808,12414
0,767122157629476866,2890,10269
0,766864461642756096,5697,0
0,766793450729734144,1368,5119
0,766714921925144576,383,2633
0,766693177336135680,806,4054
0,766423258543644672,1607,6058
0,766313316352462849,1912,6852
0,766078092750233600,2659,0
0,766069199026450432,862,4271
0,766008592277377025,503,3779
0,765719909049503744,2169,7297
0,765669560888528897,1238,5236
0,765395769549590528,3413,26853
0,765371061932261376,2189,7136
0,765222098633691136,3427,11738
0,764857477905154048,1793,6511
0,764259802650378240,1515,6074
0,763956972077010945,56,762
0,763837565564780549,4199,12714
0,763183847194451968,1486,5433
0,763167063695355904,3051,0
0,763103485927849985,2313,7423
0,762699858130116608,3656,12248
0,762471784394268675,6475,11306
0,762464539388485633,4213,10387
0,762316489655476224,1132,4830
0,762035686371364864,15691,32164
0,761976711479193600,2030,5447
0,761750502866649088,3960,0
0,761745352076779520,872,4304
0,761672994376806400,29360,49920
0,761599872357261312,1198,4159
0,761371037149827077,18220,0
0,761334018830917632,1463,5230
0,761292947749015552,1093,4522
0,761227390836215808,1581,5361
0,761004547850530816,3503,11423
0,760893934457552897,986,3844
0,760656994973933572,1927,6630
0,760641137271070720,1311,5011
0,760539183865880579,3653,7618
0,760521673607086080,1395,4251
0,760290219849637889,11591,27021
0,760252756032651264,873,3971
0,760190180481531904,1819,5732
0,760153949710192640,31,0
0,759943073749200896,2093,5995
0,759923798737051648,5697,14781
0,759846353224826880,1993,6780
0,759793422261743616,1933,6007
0,759557299618865152,1196,4736
0,759447681597108224,2470,8555
0,759446261539934208,494,1683
0,759197388317847553,1962,6118
0,759159934323924993,1163,0
0,759099523532779520,4201,14639
0,759047813560868866,2036,6536
0,758854675097526272,904,3576
0,758828659922702336,3865,11288
0,758740312047005698,1620,5774
0,758474966123810816,1009,3832
0,758467244762497024,2231,4820
0,758405701903519748,1922,5236
0,758355060040593408,1086,3422
0,758099635764359168,10067,19205
0,758041019896193024,377,2722
0,757741869644341248,3270,6912
0,757729163776290825,8002,0
0,757725642876129280,1221,4571
0,757611664640446465,1114,4588
0,757597904299253760,301,0
0,757596066325864448,1067,4360
0,757400162377592832,6901,15246
0,757393109802180609,1747,5854
0,757354760399941633,1433,4543
0,756998049151549440,1998,6328
0,756939218950160384,2021,6688
0,756651752796094464,1312,5093
0,756526248105566208,3610,10476
0,756303284449767430,1100,3959
0,756288534030475264,17837,44237
0,756275833623502848,1542,6450
0,755955933503782912,2900,7374
0,755206590534418437,5398,16545
0,755110668769038337,11161,21336
0,754874841593970688,7962,0
0,754856583969079297,2540,6937
0,754747087846248448,525,2603
0,754482103782404096,1967,5320
0,754449512966619136,736,3778
0,754120377874386944,2368,7929
0,753655901052166144,2180,5870
0,753420520834629632,3591,7954
0,753398408988139520,1916,5791
0,753375668877008896,2336,7683
0,753298634498793472,5738,0
0,753294487569522689,1049,3390
0,753039830821511168,20996,37320
0,753026973505581056,973,3931
0,752932432744185856,6891,12704
0,752917284578922496,1587,6967
0,752701944171524096,2888,0
0,752682090207055872,1601,6026
0,752660715232722944,1567,4395
0,752568224206688256,2297,5540
0,752519690950500352,3454,7405
0,752334515931054080,1099,3832
0,752309394570878976,16314,0
0,752173152931807232,1849,5993
0,751950017322246144,924,3073
0,751937170840121344,1338,5209
0,751830394383790080,1959,5833
0,751793661361422336,2911,5851
0,751598357617971201,3053,7958
0,751583847268179968,1109,4418
0,751538714308972544,1269,5060
0,751456908746354688,1007,3228
0,751251247299190784,5909,12581
0,751205363882532864,1825,6350
0,751132876104687617,1300,5095
0,750868782890057730,1371,4807
0,750719632563142656,5061,13234
0,750506206503038976,1147,4458
0,750429297815552001,4299,13223
0,750383411068534784,1155,4579
0,750381685133418496,27,698
0,750147208377409536,963,3117
0,750132105863102464,1295,3631
0,750117059602808832,1318,4350
0,750101899009982464,848,3049
0,750086836815486976,536,2176
0,750071704093859840,3352,7859
0,750056684286914561,900,3175
0,750041628174217216,622,3195
0,750026558547456000,792,2728
0,750011400160841729,908,3254
0,749996283729883136,820,3078
0,749981277374128128,2476,5138
0,749774190421639168,1316,4672
0,749417653287129088,1644,6130
0,749403093750648834,536,2634
0,749395845976588288,3444,8594
0,749317047558017024,2241,5521
0,749075273010798592,2077,5771
0,749064354620928000,1530,4825
0,749036806121881602,795,3102
0,748977405889503236,3405,10791
0,748932637671223296,2261,5830
0,748705597323898880,950,2787
0,748699167502000129,1593,4760
0,748692773788876800,1335,4260
0,748575535303884801,1975,6092
0,748568946752774144,669,2201
0,748346686624440324,1228,5224
0,748337862848962560,4115,7666
0,748324050481647620,760,3688
0,748307329658011649,713,3678
0,748220828303695873,7821,14177
0,747963614829678593,2148,5789
0,747933425676525569,2544,6609
0,747885874273214464,978,2948
0,747844099428986880,750,2826
0,747816857231626240,1164,4861
0,747651430853525504,156,1389
0,747648653817413632,5866,12919
0,747600769478692864,556,2329
0,747594051852075008,1057,3689
0,747512671126323200,1611,5554
0,747461612269887489,1042,3875
0,747439450712596480,1917,5429
0,747242308580548608,2905,0
0,747219827526344708,1572,5269
0,747204161125646336,924,3376
0,747103485104099331,3962,9581
0,746906459439529985,297,2897
0,746872823977771008,2133,5995
0,746818907684614144,1743,5318
0,746790600704425984,1604,4880
0,746757706116112384,3909,9590
0,746726898085036033,1798,6051
0,746542875601690625,1878,5040
0,746521445350707200,983,0
0,746507379341139972,1083,4658
0,746369468511756288,1627,6182
0,746131877086527488,2203,6911
0,746056683365994496,810,3550
0,745789745784041472,1064,4025
0,745712589599014916,2330,7004
0,745433870967832576,2536,7079
0,745422732645535745,2435,8577
0,745314880350101504,2749,7180
0,745074613265149952,3498,7833
0,745057283344719872,2262,7249
0,744995568523612160,620,2966
0,744971049620602880,2683,7882
0,744709971296780288,1562,5608
0,744334592493166593,2114,6780
0,744234799360020481,77878,156361
0,744223424764059648,366,1660
0,743980027717509120,1092,4169
0,743895849529389061,961,3643
0,743835915802583040,2076,0
0,743609206067040256,1382,4471
0,743595368194129920,6526,18375
0,743545585370791937,940,3525
0,743510151680958465,3720,7914
0,743253157753532416,1224,4224
0,743222593470234624,1901,6217
0,743210557239623680,1361,3835
0,742534281772302336,3570,7058
0,742528092657332225,1977,4408
0,742465774154047488,3893,7255
0,742423170473463808,3766,9805
0,742385895052087300,1968,6800
0,742161199639494656,1370,4336
0,742150209887731712,1543,5126
0,741793263812808706,1508,4533
0,741743634094141440,2746,8162
0,741438259667034112,831,3674
0,741303864243200000,3201,8773
0,741099773336379392,5500,9979
0,741067306818797568,3097,9497
0,740995100998766593,2737,6357
0,740711788199743490,934,3394
0,740699697422163968,783,2842
0,740676976021798912,6804,18140
0,740373189193256964,13293,34957
0,740365076218183684,431,2455
0,740359016048689152,864,3296
0,740214038584557568,1959,6679
0,739979191639244800,5903,19936
0,739932936087216128,1070,4050
0,739844404073074688,852,3792
0,739623569819336705,1347,3760
0,739606147276148736,1651,5373
0,739544079319588864,21188,39446
0,739485634323156992,2918,7139
0,739238157791694849,57739,115520
0,738891149612572673,6,111
0,738885046782832640,1140,3766
0,738883359779196928,789,3291
0,738537504001953792,1538,5069
0,738402415918125056,836,3237
0,738184450748633089,1204,4303
0,738166403467907072,3344,8747
0,738156290900254721,639,2503
0,737826014890496000,1761,5254
0,737800304142471168,3446,9957
0,737678689543020544,1314,5026
0,737445876994609152,4442,10225
0,737322739594330112,810,3592
0,737310737551491075,7391,14618
0,736736130620620800,1721,4250
0,736392552031657984,7350,17621
0,736365877722001409,1238,3958
0,736225175608430592,2771,8097
0,736010884653420544,2983,7873
0,735991953473572864,1147,3580
0,735648611367784448,1097,4018
0,735635087207878657,2337,6134
0,735274964362878976,5013,12965
0,735256018284875776,880,3320
0,735137028879360001,966,3120
0,734912297295085568,524,2741
0,734787690684657664,6249,12487
0,734776360183431168,541,2488
0,734559631394082816,394,1475
0,733828123016450049,778,3564
0,733822306246479872,1018,3665
0,733482008106668032,948,3122
0,733460102733135873,1275,4181
0,733109485275860992,16785,50020
0,732732193018155009,533,2427
0,732726085725589504,883,3531
0,732585889486888962,776,3646
0,732375214819057664,2502,8051
0,732005617171337216,5381,14827
0,731285275100512256,985,3475
0,731156023742988288,1259,3824
0,730924654643314689,1961,6117
0,730573383004487680,2122,4883
0,730427201120833536,1045,3469
0,730211855403241472,1053,3795
0,730196704625098752,1892,4827
0,729854734790754305,1118,4008
0,729838605770891264,381,1718
0,729823566028484608,1239,3957
0,729463711119904772,2302,5764
0,729113531270991872,323,1872
0,728986383096946689,818,3127
0,728760639972315136,1691,4659
0,728751179681943552,674,2750
0,728653952833728512,1028,3286
0,728409960103686147,1990,4883
0,728387165835677696,956,3668
0,728046963732717569,1192,4278
0,728035342121635841,1653,4541
0,728015554473250816,1098,4090
0,727685679342333952,636,2945
0,727644517743104000,1737,5856
0,727524757080539137,1211,4446
0,727314416056803329,737,3319
0,727286334147182592,808,3029
0,727175381690781696,1375,3889
0,727155742655025152,1326,3602
0,726935089318363137,2445,6837
0,726887082820554753,1514,3821
0,726828223124897792,997,3544
0,726224900189511680,1139,4401
0,725842289046749185,2659,7044
0,725786712245440512,1360,4141
0,725729321944506368,1773,5175
0,725458796924002305,611,1399
0,724983749226668032,1304,3699
0,724771698126512129,635,2335
0,724405726123311104,1635,5245
0,724049859469295616,1763,4298
0,724046343203856385,553,2642
0,724004602748780546,1543,4158
0,723912936180330496,1227,3860
0,723688335806480385,2921,7628
0,723673163800948736,882,2989
0,723179728551723008,1856,5275
0,722974582966214656,1548,4074
0,722613351520608256,1627,4937
0,721503162398597120,1837,4594
0,721001180231503872,607,2509
0,720785406564900865,761,3092
0,720775346191278080,659,2444
0,720415127506415616,1490,4103
0,720389942216527872,2490,6335
0,720340705894408192,971,2853
0,720059472081784833,1109,3843
0,720043174954147842,1991,4872
0,719991154352222208,1729,4803
0,719704490224398336,1419,4510
0,719551379208073216,1895,5018
0,719367763014393856,738,2781
0,719339463458033665,1222,4401
0,719332531645071360,944,3408
0,718971898235854848,1069,3465
0,718939241951195136,1748,5217
0,718631497683582976,7980,18744
0,718613305783398402,477,2414
0,718540630683709445,1007,2434
0,718460005985447936,522,2680
0,718454725339934721,1500,4829
0,718246886998687744,498,1905
0,718234618122661888,989,3845
0,717841801130979328,601,2448
0,717790033953034240,1104,2858
0,717537687239008257,1845,5750
0,717428917016076293,447,1605
0,717421804990701568,841,3140
0,717047459982213120,1918,6256
0,717009362452090881,957,3232
0,716802964044845056,1160,4255
0,716791146589110272,1565,8100
0,716730379797970944,424,1224
0,716447146686459905,5821,12986
0,716439118184652801,207,2361
0,716285507865542656,1050,2748
0,716080869887381504,1890,6706
0,715928423106027520,873,3176
0,715758151270801409,1427,3697
0,715733265223708672,1678,4630
0,715704790270025728,562,2771
0,715696743237730304,1281,3885
0,715680795826982913,1603,4279
0,715360349751484417,1555,5445
0,715342466308784130,688,3018
0,715220193576927233,643,2409
0,715200624753819648,1871,5107
0,715009755312439296,1222,4131
0,714982300363173890,1026,3709
0,714962719905021952,4234,7307
0,714957620017307648,1402,4100
0,714631576617938945,992,3259
0,714606013974974464,923,3609
0,714485234495041536,1120,2667
0,714258258790387713,714,3018
0,714251586676113411,830,3260
0,714214115368108032,864,2259
0,714141408463036416,1390,4288
0,713919462244790272,783,3276
0,713909862279876608,533,1890
0,713900603437621249,738,2818
0,713761197720473600,1369,4843
0,713411074226274305,1289,4415
0,713177543487135744,2815,7180
0,713175907180089344,1466,4433
0,712809025985978368,6659,18440
0,712717840512598017,4945,12279
0,712668654853337088,1207,4160
0,712438159032893441,1553,5299
0,712309440758808576,25,241
0,712097430750289920,1022,3761
0,712092745624633345,883,2925
0,712085617388212225,484,3252
0,712065007010385924,617,2255
0,711998809858043904,125,0
0,711968124745228288,2289,8025
0,711743778164514816,976,2824
0,711732680602345472,4090,8798
0,711694788429553666,18220,32711
0,711652651650457602,908,3827
0,711363825979756544,1132,3630
0,711306686208872448,732,3294
0,711008018775851008,611,2985
0,710997087345876993,1376,4541
0,710844581445812225,684,2532
0,710833117892898816,532,2668
0,710658690886586372,555,2304
0,710609963652087808,2368,4770
0,710588934686908417,1855,4514
0,710296729921429505,731,2359
0,710283270106132480,517,2135
0,710272297844797440,1241,4510
0,710269109699739648,1115,2382
0,710153181850935296,880,2892
0,710140971284037632,874,2743
0,710117014656950272,1981,5464
0,709918798883774466,1078,3465
0,709901256215666688,99,668
0,709852847387627521,1196,3507
0,709566166965075968,1202,3534
0,709556954897764353,1064,3283
0,709519240576036864,236,1486
0,709449600415961088,565,2211
0,709409458133323776,679,2607
0,709225125749587968,570,2399
0,709207347839836162,5769,12499
0,709198395643068416,640,2418
0,709179584944730112,664,1993
0,709158332880297985,411,2022
0,709042156699303936,1620,4720
0,708853462201716736,655,1790
0,708845821941387268,896,2974
0,708834316713893888,495,1677
0,708810915978854401,6887,16399
0,708738143638450176,805,2727
0,708711088997666817,715,2532
0,708479650088034305,677,2534
0,708469915515297792,806,3085
0,708400866336894977,10022,15918
0,708356463048204288,1314,3567
0,708349470027751425,735,2334
0,708149363256774660,1544,4263
0,708130923141795840,850,3374
0,708119489313951744,977,2678
0,708109389455101952,548,1935
0,708026248782585858,1921,4369
0,707995814724026368,1118,3115
0,707983188426153984,2,50
0,707969809498152960,959,2689
0,707776935007539200,952,3267
0,707741517457260545,611,2477
0,707738799544082433,2447,4067
0,707693576495472641,987,3394
0,707629649552134146,871,2563
0,707610948723478529,6328,16915
0,707420581654872064,695,2263
0,707411934438625280,596,2292
0,707387676719185920,1282,3483
0,707377100785885184,1087,3269
0,707315916783140866,633,2461
0,707297311098011648,781,2763
0,707059547140169728,667,2585
0,707038192327901184,788,2177
0,707021089608753152,1350,4065
0,707014260413456384,596,2311
0,706904523814649856,7820,14516
0,706901761596989440,589,2052
0,706681918348251136,968,3286
0,706644897839910912,1083,2559
0,706593038911545345,629,2145
0,706538006853918722,1421,3464
0,706516534877929472,1027,3095
0,706346369204748288,922,3437
0,706310011488698368,7887,21246
0,706291001778950144,473,1690
0,706265994973601792,930,2724
0,706169069255446529,2199,3891
0,706166467411222528,1590,5148
0,706153300320784384,383,1478
0,705975130514706432,730,3093
0,705970349788291072,889,3154
0,705898680587526145,548,2356
0,705786532653883392,516,1928
0,705591895322394625,1149,3147
0,705475953783398401,909,2947
0,705442520700944385,1619,4412
0,705428427625635840,1679,3803
0,705239209544720384,745,2996
0,705223444686888960,796,2582
0,705102439679201280,516,2135
0,705066031337840642,616,2177
0,704871453724954624,1112,4258
0,704859558691414016,540,2246
0,704847917308362754,1521,5060
0,704819833553219584,986,2632
0,704761120771465216,2905,6617
0,704499785726889984,1011,2907
0,704491224099647488,78,751
0,704480331685040129,1062,3378
0,704364645503647744,3535,7977
0,704347321748819968,349,1575
0,704134088924532736,456,1499
0,704113298707505153,569,1846
0,704054845121142784,911,2914
0,703774238772166656,459,1836
0,703769065844768768,1135,3268
0,703631701117943808,677,2572
0,703611486317502464,1523,3838
0,703425003149250560,1359,3800
0,703407252292673536,693,2442
0,703382836347330562,1144,3503
0,703356393781329922,383,1913
0,703268521220972544,548,1965
0,703079050210877440,3068,7372
0,703041949650034688,12448,26276
0,702932127499816960,727,2574
0,702899151802126337,451,1606
0,702684942141153280,1072,3213
0,702671118226825216,553,2192
0,702598099714314240,3419,12203
0,702539513671897089,959,2873
0,702332542343577600,1543,3173
0,702321140488925184,1038,3264
0,702276748847800320,761,2456
0,702217446468493312,1329,4769
0,701981390485725185,990,3441
0,701952816642965504,1021,3836
0,701889187134500865,1384,3530
0,701805642395348998,1672,3403
0,701601587219795968,448,2083
0,701570477911896070,921,2805
0,701545186879471618,607,2654
0,701214700881756160,5082,12160
0,700890391244103680,564,2206
0,700864154249383937,620,2588
0,700847567345688576,501,2451
0,700796979434098688,935,2433
0,700747788515020802,9279,22769
0,700518061187723268,794,2600
0,700505138482569216,567,2279
0,700462010979500032,1779,4118
0,700167517596164096,732,2621
0,700151421916807169,670,2229
0,700143752053182464,2710,7509
0,700062718104104960,689,2645
0,700029284593901568,585,2066
0,700002074055016451,1338,3314
0,699801817392291840,952,3053
0,699788877217865730,508,2225
0,699779630832685056,1227,2731
0,699775878809702401,603,1958
0,699691744225525762,4601,10248
0,699446877801091073,2603,5934
0,699434518667751424,515,2157
0,699423671849451520,324,1358
0,699413908797464576,624,2074
0,699370870310113280,441,1882
0,699323444782047232,858,3141
0,699088579889332224,632,2239
0,699079609774645248,653,2446
0,699072405256409088,1188,2966
0,699060279947165696,1797,3742
0,699036661657767936,1194,2593
0,698989035503689728,971,3335
0,698953797952008193,895,2675
0,698907974262222848,624,2530
0,698710712454139905,678,2458
0,698703483621523456,377,1445
0,698635131305795584,338,1293
0,698549713696649216,622,2321
0,698355670425473025,448,1851
0,698342080612007937,949,2263
0,698262614669991936,1994,4739
0,698195409219559425,5953,16709
0,698178924120031232,737,2797
0,697995514407682048,331,1515
0,697990423684476929,1292,3273
0,697943111201378304,680,2378
0,697881462549430272,1174,3005
0,697630435728322560,539,1733
0,697616773278015490,1010,3157
0,697596423848730625,1262,3010
0,697575480820686848,497,2034
0,697516214579523584,1111,2054
0,697482927769255936,674,2408
0,697463031882764288,1394,3414
0,697270446429966336,1871,4679
0,697259378236399616,1001,3286
0,697255105972801536,1159,3027
0,697242256848379904,668,2504
0,696900204696625153,1018,3161
0,696894894812565505,675,2336
0,696886256886657024,1796,4842
0,696877980375769088,708,2429
0,696754882863349760,360,1480
0,696744641916489729,936,2054
0,696713835009417216,653,2363
0,696518437233913856,1703,3903
0,696490539101908992,141,1211
0,696488710901260288,1015,2528
0,696405997980676096,1151,3196
0,696100768806522880,650,1926
0,695816827381944320,1161,3004
0,695794761660297217,761,3149
0,695767669421768709,744,1854
0,695629776980148225,2090,4549
0,695446424020918272,1801,4382
0,695409464418041856,3564,8646
0,695314793360662529,1447,3621
0,695095422348574720,611,2624
0,695074328191332352,1092,2830
0,695064344191721472,588,1595
0,695051054296211456,784,2657
0,694925794720792577,915,2682
0,694905863685980160,936,2744
0,694669722378485760,14325,35722
0,694356675654983680,285,1498
0,694352839993344000,613,2034
0,694342028726001664,482,1572
0,694329668942569472,499,2001
0,694206574471057408,2029,4144
0,694183373896572928,922,2939
0,694001791655137281,1022,3400
0,693993230313091072,400,1872
0,693942351086120961,369,1738
0,693647888581312512,583,2679
0,693644216740769793,122,1342
0,693642232151285760,410,2530
0,693629975228977152,791,2438
0,693622659251335168,371,1535
0,693590843962331137,1949,5045
0,693582294167244802,252,1645
0,693486665285931008,635,1776
0,693280720173801472,1231,3343
0,693267061318012928,809,2372
0,693262851218264065,498,2211
0,693231807727280129,732,2861
0,693155686491000832,3199,7851
0,693109034023534592,610,1711
0,693095443459342336,459,1852
0,692919143163629568,752,2668
0,692905862751522816,864,2419
0,692901601640583168,599,1759
0,692894228850999298,804,2262
0,692828166163931137,880,2861
0,692752401762250755,3630,6802
0,692568918515392513,1529,4352
0,692535307825213440,1357,3164
0,692530551048294401,412,1823
0,692423280028966913,225,1476
0,692417313023332352,3454,9334
0,692187005137076224,818,2525
0,692158366030913536,787,2140
0,692142790915014657,393,1645
0,692041934689402880,1267,3394
0,692017291282812928,956,2879
0,691820333922455552,1657,3953
0,691793053716221953,4211,8116
0,691756958957883396,999,2854
0,691675652215414786,506,1950
0,691483041324204033,563,2382
0,691459709405118465,1136,4033
0,691444869282295808,845,2642
0,691416866452082688,7604,19272
0,691321916024623104,660,2556
0,691096613310316544,876,2951
0,691090071332753408,332,1716
0,690989312272396288,2857,5886
0,690959652130045952,1244,3571
0,690938899477221376,1952,4074
0,690932576555528194,1014,3281
0,690735892932222976,1266,3776
0,690728923253055490,514,2175
0,690690673629138944,813,2332
0,690649993829576704,278,1301
0,690607260360429569,18,295
0,690597161306841088,600,1949
0,690400367696297985,451,1882
0,690374419777196032,845,3248
0,690360449368465409,877,2672
0,690348396616552449,516,1507
0,690248561355657216,415,1667
0,690021994562220032,1029,2783
0,690015576308211712,729,2486
0,690005060500217858,1684,3657
0,689999384604450816,369,1415
0,689993469801164801,449,1459
0,689977555533848577,444,1369
0,689905486972461056,697,2433
0,689877686181715968,1158,3032
0,689835978131935233,742,2166
0,689661964914655233,925,3205
0,689659372465688576,3859,10348
0,689623661272240129,639,2225
0,689599056876867584,5505,11618
0,689557536375177216,455,2040
0,689517482558820352,1424,3386
0,689289219123089408,938,2252
0,689283819090870273,1099,3261
0,689280876073582592,708,1977
0,689275259254616065,243,1142
0,689255633275777024,1079,2549
0,689154315265683456,999,3071
0,689143371370250240,508,2011
0,688916208532455424,865,2715
0,688908934925697024,763,2110
0,688898160958271489,779,2090
0,688894073864884227,689,2234
0,688828561667567616,369,1376
0,688804835492233216,191,956
0,688789766343622656,660,2206
0,688547210804498433,698,2591
0,688519176466644993,723,2307
0,688385280030670848,4462,9266
0,688211956440801280,825,2239
0,688179443353796608,580,2130
0,688116655151435777,770,2821
0,688064179421470721,358,1727
0,687841446767013888,2503,5452
0,687826841265172480,1115,2742
0,687818504314159109,939,2472
0,687807801670897665,715,2393
0,687732144991551489,664,1754
0,687704180304273409,840,2418
0,687664829264453632,510,1927
0,687494652870668288,577,1892
0,687480748861947905,239,1596
0,687476254459715584,532,1980
0,687460506001633280,541,2052
0,687399393394311168,616,1888
0,687317306314240000,9142,20103
0,687312378585812992,1896,4344
0,687127927494963200,2263,5424
0,687124485711986689,502,2164
0,687109925361856513,2455,5778
0,687102708889812993,975,2338
0,687096057537363968,601,2237
0,686947101016735744,3181,8611
0,686760001961103360,1379,3508
0,686749460672679938,1448,3466
0,686730991906516992,1193,4129
0,686683045143953408,798,2816
0,686618349602762752,1361,3702
0,686606069955735556,542,1882
0,686394059078897668,685,1733
0,686386521809772549,874,3249
0,686377065986265092,565,2206
0,686358356425093120,665,2179
0,686286779679375361,1656,3997
0,686050296934563840,726,2213
0,686035780142297088,115,1140
0,686034024800862208,1142,3080
0,686007916130873345,410,2481
0,686003207160610816,624,1826
0,685973236358713344,522,2095
0,685943807276412928,591,1623
0,685906723014619143,2875,7497
0,685681090388975616,124,2028
0,685667379192414208,561,2353
0,685663452032069632,1455,3230
0,685641971164143616,777,2926
0,685547936038666240,15584,32865
0,685532292383666176,1155,3023
0,685325112850124800,3960,9443
0,685321586178670592,636,2649
0,685315239903100929,1044,3312
0,685307451701334016,441,2069
0,685268753634967552,1193,3092
0,685198997565345792,667,2338
0,685169283572338688,1427,4096
0,684969860808454144,368,2383
0,684959798585110529,3113,6818
0,684940049151070208,1041,3202
0,684926975086034944,459,3485
0,684914660081053696,1444,3503
0,684902183876321280,527,1871
0,684880619965411328,805,2084
0,684830982659280897,21599,34977
0,684800227459624960,1001,2733
0,684594889858887680,3493,8886
0,684588130326986752,1405,4109
0,684567543613382656,1210,3014
0,684538444857667585,948,2642
0,684481074559381504,1164,3881
0,684460069371654144,557,1971
0,684241637099323392,3266,8119
0,684225744407494656,207,1223
0,684222868335505415,1365,3810
0,684200372118904832,1030,2149
0,684195085588783105,510,1904
0,684188786104872960,1168,3486
0,684177701129875456,659,2007
0,684147889187209216,1511,2983
0,684122891630342144,466,2003
0,684097758874210310,1425,4106
0,683857920510050305,1118,3797
0,683852578183077888,344,1928
0,683849932751646720,960,2605
0,683834909291606017,1109,2614
0,683828599284170753,1060,2787
0,683773439333797890,1345,3338
0,683742671509258241,3288,6459
0,683515932363329536,2888,7321
0,683498322573824003,961,3168
0,683481228088049664,993,2642
0,683462770029932544,670,2418
0,683449695444799489,1601,3883
0,683391852557561860,2389,7607
0,683357973142474752,911,2897
0,683142553609318400,1042,2858
0,683111407806746624,907,3392
0,683098815881154561,656,2157
0,683078886620553216,560,1984
0,683030066213818368,735,2161
0,682962037429899265,16508,36738
0,682808988178739200,167,1781
0,682788441537560576,1105,2481
0,682750546109968385,437,1512
0,682697186228989953,356,1317
0,682662431982772225,1077,3053
0,682638830361513985,596,2064
0,682429480204398592,1152,3426
0,682406705142087680,1764,7548
0,682393905736888321,671,2221
0,682389078323662849,460,1650
0,682303737705140231,969,3047
0,682259524040966145,1202,4133
0,682242692827447297,1160,3243
0,682088079302213632,9822,18173
0,682059653698686977,1674,4927
0,682047327939461121,928,3186
0,682032003584274432,1994,6554
0,682003177596559360,1523,3125
0,681981167097122816,1027,2797
0,681891461017812993,814,2465
0,681694085539872773,4037,12744
0,681679526984871937,439,1769
0,681654059175129088,918,2631
0,681610798867845120,462,1900
0,681579835668455424,1295,3538
0,681523177663676416,5738,14251
0,681340665377193984,275,1637
0,681339448655802368,4067,9256
0,681320187870711809,739,2640
0,681302363064414209,1804,3919
0,681297372102656000,947,3205
0,681281657291280384,1091,3217
0,681261549936340994,268,1450
0,681242418453299201,527,1482
0,681231109724700672,483,2402
0,681193455364796417,1478,3689
0,680970795137544192,653,2415
0,680959110691590145,1993,4564
0,680940246314430465,1047,3189
0,680934982542561280,433,2078
0,680913438424612864,619,2394
0,680889648562991104,361,1759
0,680836378243002368,1312,3447
0,680805554198020098,661,2148
0,680801747103793152,814,2372
0,680798457301471234,1026,2835
0,680609293079592961,697,2628
0,680583894916304897,1326,3611
0,680497766108381184,1902,4219
0,680494726643068929,482,1708
0,680473011644985345,739,2537
0,680440374763077632,497,1438
0,680221482581123072,291,1458
0,680206703334408192,1158,2822
0,680191257256136705,498,2136
0,680176173301628928,1541,3872
0,680161097740095489,729,2315
0,680145970311643136,1728,3594
0,680130881361686529,935,2282
0,680115823365742593,899,2705
0,680100725817409536,1365,3550
0,680085611152338944,8934,12744
0,680070545539371008,862,2564
0,679877062409191424,644,1980
0,679872969355714560,655,2175
0,679862121895714818,616,2441
0,679854723806179328,1220,2840
0,679844490799091713,756,2352
0,679828447187857408,13906,36081
0,679777920601223168,1094,3073
0,679736210798047232,781,2082
0,679729593985699840,816,2157
0,679722016581222400,461,1657
0,679530280114372609,2065,4766
0,679527802031484928,716,2629
0,679511351870550016,1251,3347
0,679503373272485890,1451,3144
0,679475951516934144,632,2080
0,679462823135686656,18632,31365
0,679405845277462528,1194,2354
0,679158373988876288,7962,21132
0,679148763231985668,1017,2760
0,679132435750195208,1143,2945
0,679111216690831360,2552,5916
0,679062614270468097,8002,16819
0,679047485189439488,659,2228
0,679001094530465792,1212,2799
0,678991772295516161,1145,2278
0,678969228704284672,453,1638
0,678800283649069056,889,2542
0,678798276842360832,1150,3425
0,678774928607469569,894,2787
0,678767140346941444,1343,3493
0,678764513869611008,468,1622
0,678755239630127104,3235,7044
0,678740035362037760,1657,3723
0,678708137298427904,2393,5541
0,678675843183484930,1440,2832
0,678643457146150913,401,2033
0,678446151570427904,1523,3954
0,678424312106393600,2508,5423
0,678410210315247616,1781,4170
0,678399652199309312,31355,78421
0,678396796259975168,409,1578
0,678389028614488064,418,1855
0,678380236862578688,900,2405
0,678341075375947776,529,1712
0,678334497360859136,249,1292
0,678278586130948096,6004,11298
0,678255464182861824,358,1577
0,678023323247357953,375,1890
0,678021115718029313,6237,13486
0,677961670166224897,1659,3379
0,677918531514703872,400,1330
0,677895101218201600,2038,4775
0,677716515794329600,966,3018
0,677700003327029250,1421,3340
0,677698403548192770,315,1212
0,677687604918272002,840,2453
0,677673981332312066,1477,3283
0,677662372920729601,942,1926
0,677644091929329666,784,1825
0,677573743309385728,691,2095
0,677565715327688705,456,1280
0,677557565589463040,1130,2407
0,677547928504967168,3606,6847
0,677530072887205888,224,1047
0,677335745548390400,1748,2998
0,677334615166730240,280,1322
0,677331501395156992,232,1070
0,677328882937298944,1478,3587
0,677314812125323265,522,1618
0,677301033169788928,394,1217
0,677269281705472000,696,1955
0,677228873407442944,1613,3498
0,677187300187611136,906,2700
0,676975532580409345,1047,2728
0,676957860086095872,798,2201
0,676949632774234114,390,1279
0,676948236477857792,849,2134
0,676946864479084545,363,1702
0,676942428000112642,738,2040
0,676936541936185344,4832,12523
0,676916996760600576,1780,2933
0,676897532954456065,708,2208
0,676864501615042560,696,2064
0,676821958043033607,15289,22559
0,676819651066732545,650,1787
0,676811746707918848,414,1394
0,676776431406465024,1984,4921
0,676617503762681856,943,2841
0,676613908052996102,197,1064
0,676606785097199616,425,1861
0,676603393314578432,375,1139
0,676593408224403456,2121,4494
0,676590572941893632,119,900
0,676588346097852417,765,2275
0,676582956622721024,268,1176
0,676575501977128964,1097,2533
0,676533798876651520,542,1836
0,676496375194980353,522,1491
0,676470639084101634,4583,11399
0,676440007570247681,646,1687
0,676430933382295552,338,1368
0,676263575653122048,531,2042
0,676237365392908289,282,1187
0,676219687039057920,30430,74976
0,676215927814406144,563,1705
0,676191832485810177,1007,2235
0,676146341966438401,647,1877
0,676121918416756736,1135,2121
0,676101918813499392,1139,2773
0,676098748976615425,1390,2943
0,676089483918516224,427,1282
0,675898130735476737,560,1580
0,675891555769696257,834,2081
0,675888385639251968,934,2333
0,675878199931371520,1370,4091
0,675870721063669760,551,1591
0,675853064436391936,1261,2634
0,675849018447167488,140,920
0,675845657354215424,857,2225
0,675822767435051008,522,1485
0,675820929667219457,230,1025
0,675798442703122432,3330,10034
0,675781562965868544,456,1595
0,675740360753160193,333,1140
0,675710890956750848,794,1848
0,675707330206547968,664,1930
0,675706639471788032,93,628
0,675534494439489536,403,1780
0,675531475945709568,370,1156
0,675522403582218240,281,1014
0,675517828909424640,451,1259
0,675501075957489664,5678,16752
0,675497103322386432,1256,3068
0,675489971617296384,579,1265
0,675483430902214656,954,1802
0,675432746517426176,552,1482
0,675372240448454658,502,1648
0,675362609739206656,226,1023
0,675354435921575936,16314,31713
0,675349384339542016,2205,3820
0,675334060156301312,1248,2697
0,675166823650848770,1545,3494
0,675153376133427200,2505,6102
0,675149409102012420,1637,3654
0,675147105808306176,227,917
0,675146535592706048,287,1152
0,675145476954566656,869,2079
0,675135153782571009,469,1271
0,675113801096802304,762,1902
0,675111688094527488,244,938
0,675109292475830276,1101,2721
0,675047298674663426,314,1038
0,675015141583413248,1152,2632
0,675006312288268288,216,957
0,675003128568291329,453,1521
0,674999807681908736,1072,2180
0,674805413498527744,345,836
0,674800520222154752,828,2934
0,674793399141146624,1058,2444
0,674790488185167872,241,1074
0,674788554665512960,202,792
0,674781762103414784,1154,1945
0,674774481756377088,454,1083
0,674767892831932416,757,1776
0,674764817387900928,229,771
0,674754018082705410,431,1330
0,674752233200820224,449,1426
0,674743008475090944,533,1357
0,674742531037511680,49,471
0,674739953134403584,375,1068
0,674737130913071104,85,628
0,674690135443775488,458,1114
0,674670581682434048,628,1564
0,674664755118911488,243,889
0,674646392044941312,475,1394
0,674644256330530816,260,1003
0,674638615994089473,560,1637
0,674632714662858753,555,1462
0,674606911342424069,95,913
0,674468880899788800,1968,6041
0,674447403907457024,346,1030
0,674436901579923456,378,1082
0,674422304705744896,526,1393
0,674416750885273600,133,667
0,674410619106390016,447,1163
0,674394782723014656,554,1469
0,674372068062928900,305,826
0,674330906434379776,72,546
0,674318007229923329,504,1365
0,674307341513269249,6729,11005
0,674291837063053312,5659,14263
0,674271431610523648,710,1522
0,674269164442398721,222,883
0,674265582246694913,813,1591
0,674262580978937856,436,1267
0,674255168825880576,526,1420
0,674082852460433408,163,737
0,674075285688614912,274,959
0,674063288070742018,2120,6181
0,674053186244734976,1247,3194
0,674051556661161984,473,1401
0,674045139690631169,617,1366
0,674042553264685056,122,697
0,674038233588723717,402,1068
0,674036086168010753,202,826
0,674024893172875264,1180,1716
0,674019345211760640,292,1094
0,674014384960745472,610,1507
0,674008982932058114,339,1156
0,673956914389192708,919,1895
0,673919437611909120,360,1132
0,673906403526995968,1573,3081
0,673887867907739649,245,906
0,673716320723169284,720,2988
0,673715861853720576,1979,3430
0,673711475735838725,290,1005
0,673709992831262724,263,808
0,673708611235921920,275,1043
0,673707060090052608,378,1063
0,673705679337693185,394,1217
0,673700254269775872,545,1384
0,673697980713705472,1896,3840
0,673689733134946305,621,1683
0,673688752737402881,476,1220
0,673686845050527744,415,1393
0,673680198160809984,448,1325
0,673662677122719744,352,1214
0,673656262056419329,228,695
0,673636718965334016,346,1066
0,673612854080196609,692,1549
0,673583129559498752,345,1148
0,673580926094458881,264,806
0,673576835670777856,544,1340
0,673363615379013632,291,991
0,673359818736984064,647,1401
0,673355879178194945,554,1451
0,673352124999274496,520,1605
0,673350198937153538,201,726
0,673345638550134785,1212,2423
0,673343217010679808,258,936
0,673342308415348736,552,1232
0,673320132811366400,7572,12994
0,673317986296586240,244,851
0,673295268553605120,3051,7261
0,673270968295534593,347,1037
0,673240798075449344,694,1377
0,673213039743795200,812,2170
0,673148804208660480,605,1635
0,672997845381865473,685,1899
0,672995267319328768,274,916
0,672988786805112832,277,954
0,672984142909456390,521,1218
0,672980819271634944,973,1758
0,672975131468300288,868,1619
0,672970152493887488,342,919
0,672968025906282496,522,1281
0,672964561327235073,619,1375
0,672902681409806336,477,1322
0,672898206762672129,406,877
0,672884426393653248,809,1497
0,672877615439593473,338,997
0,672834301050937345,540,1268
0,672828477930868736,470,1217
0,672640509974827008,303,944
0,672622327801233409,467,1246
0,672614745925664768,555,1186
0,672609152938721280,375,1078
0,672604026190569472,383,1076
0,672594978741354496,587,1294
0,672591762242805761,324,926
0,672591271085670400,177,698
0,672538107540070400,350,1000
0,672523490734551040,161,610
0,672488522314567680,418,1070
0,672482722825261057,571,1092
0,672481316919734272,123,696
0,672475084225949696,674,1397
0,672466075045466113,510,1307
0,672272411274932228,3225,6218
0,672267570918129665,593,1444
0,672264251789176834,324,1095
0,672256522047614977,1473,2730
0,672254177670729728,708,1386
0,672248013293752320,574,1680
0,672245253877968896,148,662
0,672239279297454080,310,864
0,672231046314901505,966,1769
0,672222792075620352,203,756
0,672205392827572224,1107,2182
0,672169685991993344,353,985
0,672160042234327040,342,843
0,672139350159835138,663,1687
0,672125275208069120,1096,2302
0,672095186491711488,355,969
0,672082170312290304,352,908
0,672068090318987265,496,1248
0,671896809300709376,4009,8200
0,671891728106971137,554,1271
0,671882082306625538,1334,3339
0,671879137494245376,637,1361
0,671874878652489728,529,1207
0,671866342182637568,474,1081
0,671855973984772097,418,870
0,671789708968640512,3327,6809
0,671768281401958400,480,1152
0,671763349865160704,869,1614
0,671744970634719232,730,1302
0,671743150407421952,228,723
0,671735591348891648,726,1391
0,671729906628341761,4170,8201
0,671561002136281088,6937,12332
0,671550332464455680,201,877
0,671547767500775424,569,1292
0,671544874165002241,1008,1889
0,671542985629241344,539,1053
0,671538301157904385,371,901
0,671536543010570240,388,1129
0,671533943490011136,553,983
0,671528761649688577,248,814
0,671520732782923777,505,1345
0,671518598289059840,284,916
0,671511350426865664,674,1539
0,671504605491109889,3412,6738
0,671497587707535361,428,885
0,671488513339211776,456,966
0,671486386088865792,188,560
0,671485057807351808,224,732
0,671390180817915904,713,1393
0,671362598324076544,286,1065
0,671357843010908160,146,385
0,671355857343524864,114,469
0,671347597085433856,411,922
0,671186162933985280,202,706
0,671182547775299584,323,1079
0,671166507850801152,331,845
0,671163268581498880,1049,1590
0,671159727754231808,77,358
0,671154572044468225,209,686
0,671151324042559489,146,643
0,671147085991960577,205,645
0,671141549288370177,628,1111
0,671138694582165504,383,889
0,671134062904504320,186,718
0,671122204919246848,2412,3370
0,671115716440031232,745,1317
0,671109016219725825,418,1105
0,670995969505435648,282,1069
0,670842764863651840,8330,23776
0,670840546554966016,185,561
0,670838202509447168,664,1075
0,670833812859932673,117,425
0,670832455012716544,208,706
0,670826280409919488,3893,5321
0,670823764196741120,180,747
0,670822709593571328,91,586
0,670815497391357952,1477,3053
0,670811965569282048,260,1087
0,670807719151067136,467,1121
0,670804601705242624,916,1885
0,670803562457407488,84,331
0,670797304698376195,227,710
0,670792680469889025,263,797
0,670789397210615808,224,640
0,670786190031921152,194,580
0,670783437142401025,369,798
0,670782429121134593,735,1496
0,670780561024270336,277,763
0,670778058496974848,71,317
0,670764103623966721,401,1038
0,670755717859713024,105,426
0,670733412878163972,493,924
0,670727704916926465,342,800
0,670717338665226240,463,1154
0,670704688707301377,356,750
0,670691627984359425,231,571
0,670679630144274432,270,726
0,670676092097810432,40,238
0,670668383499735048,4798,10295
0,670474236058800128,709,1455
0,670468609693655041,83,344
0,670465786746662913,522,937
0,670452855871037440,194,530
0,670449342516494336,624,1158
0,670444955656130560,1897,6476
0,670442337873600512,190,627
0,670435821946826752,492,1019
0,670434127938719744,621,1357
0,670433248821026816,106,318
0,670428280563085312,592,1331
0,670427002554466305,153,506
0,670421925039075328,606,1262
0,670420569653809152,302,603
0,670417414769758208,307,552
0,670411370698022913,849,1948
0,670408998013820928,210,538
0,670403879788544000,144,410
0,670385711116361728,194,544
0,670374371102445568,259,720
0,670361874861563904,62,319
0,670338931251150849,103,412
0,670319130621435904,1163,3747
0,670303360680108032,126,416
0,670290420111441920,270,675
0,670093938074779648,317,990
0,670086499208155136,244,674
0,670079681849372674,1170,2140
0,670073503555706880,757,1510
0,670069087419133954,225,600
0,670061506722140161,319,736
0,670055038660800512,315,642
0,670046952931721218,164,623
0,670040295598354432,106,726
0,670037189829525505,260,575
0,670003130994700288,87,318
0,669993076832759809,81,313
0,669972011175813120,149,426
0,669970042633789440,55,292
0,669942763794931712,152,488
0,669926384437997569,94,363
0,669923323644657664,53,226
0,669753178989142016,378,779
0,669749430875258880,63,253
0,669684865554620416,87,496
0,669683899023405056,104,374
0,669682095984410625,129,343
0,669680153564442624,270,647
0,669661792646373376,411,782
0,669625907762618368,1729,3401
0,669603084620980224,345,917
0,669597912108789760,141,497
0,669583744538451968,886,1439
0,669573570759163904,132,422
0,669571471778410496,974,1537
0,669567591774625800,53,227
0,669564461267722241,117,373
0,669393256313184256,71,348
0,669375718304980992,697,1278
0,669371483794317312,171,478
0,669367896104181761,145,443
0,669363888236994561,218,600
0,669359674819481600,114,356
0,669354382627049472,1226,2601
0,669353438988365824,249,606
0,669351434509529089,172,418
0,669328503091937280,400,980
0,669327207240699904,114,555
0,669324657376567296,199,484
0,669216679721873412,390,1150
0,669214165781868544,152,423
0,669203728096960512,452,973
0,669037058363662336,299,630
0,669015743032369152,358,721
0,669006782128353280,238,558
0,669000397445533696,6100,20149
0,668994913074286592,217,424
0,668992363537309700,324,721
0,668989615043424256,317,652
0,668988183816871936,441,873
0,668986018524233728,157,534
0,668981893510119424,289,520
0,668979806671884288,334,770
0,668975677807423489,555,1253
0,668967877119254528,21,140
0,668960084974809088,231,680
0,668955713004314625,67,266
0,668932921458302977,55,252
0,668902994700836864,97,308
0,668892474547511297,143,385
0,668872652652679168,289,510
0,668852170888998912,153,436
0,668826086256599040,128,422
0,668815180734689280,251,540
0,668779399630725120,352,680
0,668655139528511488,210,505
0,668645506898350081,508,848
0,668643542311546881,507,847
0,668641109086707712,522,1033
0,668636665813057536,470,1003
0,668633411083464705,1547,2696
0,668631377374486528,302,681
0,668627278264475648,109,304
0,668625577880875008,123,369
0,668623201287675904,722,1372
0,668620235289837568,38,191
0,668614819948453888,304,596
0,668587383441514497,1024,1604
0,668567822092664832,50,233
0,668544745690562560,215,494
0,668542336805281792,203,436
0,668537837512433665,67,245
0,668528771708952576,213,446
0,668507509523615744,101,312
0,668496999348633600,126,394
0,668484198282485761,225,413
0,668480044826800133,141,440
0,668466899341221888,491,858
0,668297328638447616,284,603
0,668291999406125056,29,234
0,668286279830867968,130,484
0,668274247790391296,223,795
0,668268907921326080,223,536
0,668256321989451776,575,1246
0,668248472370458624,462,939
0,668237644992782336,2713,5958
0,668226093875376128,97,288
0,668221241640230912,187,497
0,668204964695683073,186,538
0,668190681446379520,191,624
0,668171859951755264,184,467
0,668154635664932864,296,479
0,668142349051129856,269,555
0,668113020489474048,224,647
0,667937095915278337,759,1207
0,667924896115245057,108,285
0,667915453470232577,54,200
0,667911425562669056,282,474
0,667902449697558528,360,826
0,667886921285246976,1028,1799
0,667885044254572545,450,790
0,667878741721415682,113,380
0,667873844930215936,386,605
0,667866724293877760,983,2908
0,667861340749471744,74,234
0,667832474953625600,60,285
0,667806454573760512,469,1015
0,667801013445750784,93,315
0,667793409583771648,314,675
0,667782464991965184,236,399
0,667773195014021121,52,225
0,667766675769573376,204,421
0,667728196545200128,143,365
0,667724302356258817,306,462
0,667550904950915073,33,0
0,667550882905632768,32,0
0,667549055577362432,2152,5538
0,667546741521195010,116,326
0,667544320556335104,499,827
0,667538891197542400,62,197
0,667534815156183040,498,787
0,667530908589760512,225,448
0,667524857454854144,1064,1625
0,667517642048163840,182,351
0,667509364010450944,2022,6509
0,667502640335572993,212,519
0,667495797102141441,254,501
0,667491009379606528,212,509
0,667470559035432960,90,244
0,667455448082227200,56,183
0,667453023279554560,85,298
0,667443425659232256,548,751
0,667437278097252352,225,432
0,667435689202614272,82,297
0,667405339315146752,213,449
0,667393430834667520,52,187
0,667369227918143488,153,351
0,667211855547486208,227,466
0,667200525029539841,248,591
0,667192066997374976,94,368
0,667188689915760640,380,714
0,667182792070062081,5859,13676
0,667177989038297088,51,184
0,667176164155375616,435,583
0,667174963120574464,74,234
0,667171260800061440,79,212
0,667165590075940865,1072,2572
0,667160273090932737,60,248
0,667152164079423490,16073,45628
0,667138269671505920,2076,4376
0,667119796878725120,123,319
0,667090893657276420,118,317
0,667073648344346624,113,380
0,667070482143944705,14,80
0,667065535570550784,42,161
0,667062181243039745,49,210
0,667044094246576128,47,176
0,667012601033924608,211,429
0,666996132027977728,84,232
0,666983947667116034,928,2436
0,666837028449972224,525,770
0,666835007768551424,77,201
0,666826780179869698,88,243
0,666817836334096384,236,491
0,666804364988780544,85,222
0,666786068205871104,462,720
0,666781792255496192,179,366
0,666776908487630848,161,330
0,666739327293083650,62,223
0,666701168228331520,206,408
0,666691418707132416,45,176
0,666649482315059201,583,1062
0,666644823164719104,76,220
0,666454714377183233,199,490
0,666447344410484738,18,98
0,666437273139982337,42,116
0,666435652385423360,48,159
0,666430724426358785,177,300
0,666428276349472768,77,156
0,666421158376562688,106,301
0,666418789513326592,42,115
0,666411507551481857,299,413
0,666407126856765440,32,100
0,666396247373291520,76,157
0,666373753744588802,84,173
0,666362758909284353,519,726
0,666353288456101888,66,197
0,666345417576210432,128,274
0,666337882303524864,83,181
0,666293911632134144,319,467
0,666287406224695296,62,137
0,666273097616637952,71,161
0,666268910803644416,32,96
0,666104133288665088,5992,13667
0,666102155909144576,11,70
0,666099513787052032,60,143
0,666094000022159362,67,154
0,666082916733198337,41,103
0,666073100786774016,146,297
0,666071193221509120,53,136
0,666063827256086533,198,447
0,666058600524156928,54,105
0,666057090499244032,127,268
0,666055525042405380,221,410
0,666051853826850816,777,1127
0,666050758794694657,51,125
0,666049248165822465,39,96
0,666044226329800704,132,272
0,666033412701032449,41,112
0,666029285002620928,42,121
0,666020888022790149,462,2415
